rx_data_id (OUT),end_device_id (OUT),gateway_id (OUT),received_time (OUT),sequence_number (OUT),port (OUT),radio_id (OUT),channel (OUT),snr_db (OUT),rssi_dbm (OUT),frequency_hz (OUT),modulation_type (OUT),data_rate (OUT),coding_rate (OUT),adr (OUT),payload (OUT)
103356,3036363264397D0B,7276FF0039030A46,1665664848,1,2,0,2,9.000000,-46,868500000,LoRa,SF12BW125,4/5,true,ACcQHAH0/j4JDQUDqwAA
103357,3036363264397D0B,7276FF0039030A46,1665664898,6,2,0,1,12.200000,-51,868300000,LoRa,SF12BW125,4/5,true,ACcQHQH0/j4JDQUDqwAA
103358,3036363264397D0B,7276FF0039030A46,1665664918,8,2,0,0,14.200000,-45,868100000,LoRa,SF12BW125,4/5,true,ACcQHQH0/j4JDQUDqwAA
103359,303636326E398D17,7276FF0039030A46,1665664931,1,2,0,2,9.000000,-46,868500000,LoRa,SF12BW125,4/5,true,ACcQHQH0/j4JDQUDqwAA
103360,3036363264397D0B,7276FF0039030A46,1665664938,10,2,0,0,12.000000,-47,868100000,LoRa,SF12BW125,4/5,true,ACcQHAH0/j4JDQUDqwAA
103361,3036363264397D0B,7276FF0039030A46,1665664946,11,2,0,2,7.500000,-45,868500000,LoRa,SF7BW125,4/5,true,ACcQHQH0/j4JDQUDqwAA
103362,303636326E398D17,7276FF0039030A46,1665664951,3,2,0,0,11.800000,-48,868100000,LoRa,SF12BW125,4/5,true,ACcQHQH0/j4JDQUDqwAA
103363,3036363264397D0B,7276FF0039030A46,1665664956,12,2,0,1,9.500000,-46,868300000,LoRa,SF7BW125,4/5,true,ACcQHAH0/j4JDQUDqwAA
103364,303636326E398D17,7276FF0039030A46,1665664961,4,2,0,2,7.500000,-47,868500000,LoRa,SF12BW125,4/5,true,ACcQHQH0/j4JDQUDqwAA
103365,303636326739830B,7276FF0039030A46,1665664962,1,2,0,1,11.500000,-41,868300000,LoRa,SF12BW125,4/5,true,ACcQGwH0/j4JDQUDqwAA
103366,3036363264397D0B,7276FF0039030A46,1665664966,13,2,0,1,-4.500000,-41,868300000,LoRa,SF7BW125,4/5,true,ACcQHQH0/j4JDQUDqwAA
103367,303636326739830B,7276FF0039030A46,1665664972,2,2,0,1,9.800000,-45,868300000,LoRa,SF12BW125,4/5,true,ACcQGwH0/j4JDQUDqwAA
103368,3036363264397D0B,7276FF0039030A46,1665664976,14,2,0,1,9.800000,-53,868300000,LoRa,SF7BW125,4/5,true,ACcQHAH0/j4JDQUDqwAA
103369,303636326739830B,7276FF0039030A46,1665664982,3,2,0,2,7.500000,-39,868500000,LoRa,SF12BW125,4/5,true,ACcQGwH0/j4JDQUDqwAA
103370,3036363264397D0B,7276FF0039030A46,1665664986,15,2,0,0,1.800000,-52,868100000,LoRa,SF7BW125,4/5,true,ACcQHAH0/j4JDQUDqwAA
103371,303636326E398D17,7276FF0039030A46,1665664987,1,2,0,0,11.000000,-52,868100000,LoRa,SF12BW125,4/5,true,ACcQHQH0/j4JDQUDqwAA
103372,3036363264397D0B,7276FF0039030A46,1665664996,16,2,0,1,9.200000,-50,868300000,LoRa,SF7BW125,4/5,true,ACcQHQH0/j4JDQUDqwAA
103373,303636328039740A,7276FF0039030A46,1665665002,1,2,0,0,11.800000,-49,868100000,LoRa,SF12BW125,4/5,true,ACcQHAH0/j4JDQUDqwAA
103374,3036363264397D0B,7276FF0039030A46,1665665006,17,2,0,1,9.800000,-47,868300000,LoRa,SF7BW125,4/5,true,ACcQHQH0/j4JDQUDqwAA
103375,303636328039740A,7276FF0039030A46,1665665012,2,2,0,0,11.800000,-52,868100000,LoRa,SF12BW125,4/5,true,ACcQGwH0/j4JDQUDqwAA
103376,3036363264397D0B,7276FF0039030A46,1665665016,18,2,0,0,-5.200000,-40,868100000,LoRa,SF7BW125,4/5,true,ACcQHAH0/j4JDQUDqwAA
103377,303636326E398D17,7276FF0039030A46,1665665017,4,2,0,2,9.800000,-51,868500000,LoRa,SF12BW125,4/5,true,ACcQHQH0/j4JDQUDqwAA
103378,303636328039740A,7276FF0039030A46,1665665022,3,2,0,2,9.000000,-47,868500000,LoRa,SF12BW125,4/5,true,ACcQHAH0/j4JDQUDqwAA
103379,3036363264397D0B,7276FF0039030A46,1665665026,19,2,0,1,9.200000,-49,868300000,LoRa,SF7BW125,4/5,true,ACcQHQH0/j4JDQUDqwAA
103380,303636326E398D17,7276FF0039030A46,1665665027,5,2,0,1,11.500000,-64,868300000,LoRa,SF12BW125,4/5,true,ACcQHQH0/j4JDQUDqwAA
103381,303636328039740A,7276FF0039030A46,1665665032,4,2,0,1,12.200000,-48,868300000,LoRa,SF12BW125,4/5,true,ACcQGwH0/j4JDQUDqwAA
103382,303636326E398D17,7276FF0039030A46,1665665038,6,2,0,2,8.200000,-56,868500000,LoRa,SF12BW125,4/5,true,ACcQHQH0/j4JDQUDqwAA
103383,303636328039740A,7276FF0039030A46,1665665042,5,2,0,2,10.000000,-49,868500000,LoRa,SF12BW125,4/5,true,ACcQGwH0/j4JDQUDqwAA
103384,3036363264397D0B,7276FF0039030A46,1665665046,21,2,0,1,9.500000,-49,868300000,LoRa,SF7BW125,4/5,true,ACcQHQH0/j4JDQUDqwAA
103385,303636328039740A,7276FF0039030A46,1665665052,6,2,0,2,8.500000,-49,868500000,LoRa,SF12BW125,4/5,true,ACcQGwH0/j4JDQUDqwAA
103386,3036363264397D0B,7276FF0039030A46,1665665056,22,2,0,2,7.500000,-51,868500000,LoRa,SF7BW125,4/5,true,ACcQHAH0/j4JDQUDqwAA
103387,303636326E398D17,7276FF0039030A46,1665665057,8,2,0,1,11.200000,-49,868300000,LoRa,SF12BW125,4/5,true,ACcQHQH0/j4JDQUDqwAA
103388,303636328039740A,7276FF0039030A46,1665665062,7,2,0,1,10.200000,-49,868300000,LoRa,SF12BW125,4/5,true,ACcQGwH0/j4JDQUDqwAA
103389,303636326E398D17,7276FF0039030A46,1665665066,9,2,0,1,10.000000,-53,868300000,LoRa,SF7BW125,4/5,true,ACcQHQH0/j4JDQUDqwAA
103390,3036363264397D0B,7276FF0039030A46,1665665066,23,2,0,0,-7.200000,-41,868100000,LoRa,SF7BW125,4/5,true,ACcQHAH0/j4JDQUDqwAA
103391,A81758FFFE0352E0,7276FF0039030A46,1665665070,46663,5,0,2,7.000000,-38,868500000,LoRa,SF7BW125,4/5,true,AQDNAkUEABcFCAcM+w==
103392,303636326E398D17,7276FF0039030A46,1665665076,10,2,0,1,10.000000,-53,868300000,LoRa,SF7BW125,4/5,true,ACcQHQH0/j4JDQUDqwAA
103393,3036363264397D0B,7276FF0039030A46,1665665076,24,2,0,0,10.000000,-58,868100000,LoRa,SF7BW125,4/5,true,ACcQHQH0/j4JDQUDqwAA
103394,303636326B39820B,7276FF0039030A46,1665665078,1,2,0,1,11.800000,-54,868300000,LoRa,SF12BW125,4/5,true,ACcQGgH0/j4JDQUDqwAA
103395,303636326E398D17,7276FF0039030A46,1665665086,11,2,0,2,7.000000,-53,868500000,LoRa,SF7BW125,4/5,true,ACcQHQH0/j4JDQUDqwAA
103396,303636326E398D17,7276FF0039030A46,1665665096,12,2,0,2,8.000000,-57,868500000,LoRa,SF7BW125,4/5,true,ACcQHQH0/j4JDQUDqwAA
103397,3036363264397D0B,7276FF0039030A46,1665665096,26,2,0,1,10.200000,-51,868300000,LoRa,SF7BW125,4/5,true,ACcQHQH0/j4JDQUDqwAA
103398,303636328039740A,7276FF0039030A46,1665665102,1,2,0,2,8.500000,-47,868500000,LoRa,SF12BW125,4/5,true,ACcQHAH0/j4JDQUDqwAA
103399,303636326E398D17,7276FF0039030A46,1665665106,13,2,0,1,9.500000,-56,868300000,LoRa,SF7BW125,4/5,true,ACcQHQH0/j4JDQUDqwAA
103400,303636326B39820B,7276FF0039030A46,1665665108,4,2,0,1,12.000000,-65,868300000,LoRa,SF12BW125,4/5,true,ACcQGgH0/j4JDQUDqwAA
103401,303636326E398D17,7276FF0039030A46,1665665116,14,2,0,2,8.200000,-55,868500000,LoRa,SF7BW125,4/5,true,ACcQHQH0/j4JDQUDqwAA
103402,3036363264397D0B,7276FF0039030A46,1665665116,28,2,0,2,6.800000,-63,868500000,LoRa,SF7BW125,4/5,true,ACcQHAH0/j4JDQUDqwAA
103403,303636326B39820B,7276FF0039030A46,1665665118,5,2,0,0,13.500000,-62,868100000,LoRa,SF12BW125,4/5,true,ACcQGwH0/j4JDQUDqwAA
103404,303636328039740A,7276FF0039030A46,1665665122,3,2,0,0,11.000000,-50,868100000,LoRa,SF12BW125,4/5,true,ACcQHAH0/j4JDQUDqwAA
103405,3036363264397D0B,7276FF0039030A46,1665665126,29,2,0,2,7.500000,-64,868500000,LoRa,SF7BW125,4/5,true,ACcQHAH0/j4JDQUDqwAA
103406,303636326B39820B,7276FF0039030A46,1665665128,6,2,0,0,11.500000,-65,868100000,LoRa,SF12BW125,4/5,true,ACcQGgH0/j4JDQUDqwAA
103407,303636326439790A,7276FF0039030A46,1665665130,1,2,0,2,10.000000,-38,868500000,LoRa,SF12BW125,4/5,true,ACcQGwH0/j4JDQUDqwAA
103408,303636326E398D17,7276FF0039030A46,1665665136,16,2,0,2,8.000000,-53,868500000,LoRa,SF7BW125,4/5,true,ACcQHQH0/j4JDQUDqwAA
103409,3036363264397D0B,7276FF0039030A46,1665665136,30,2,0,1,9.200000,-63,868300000,LoRa,SF7BW125,4/5,true,ACcQHQH0/j4JDQUDqwAA
103410,303636326B39820B,7276FF0039030A46,1665665138,7,2,0,2,9.800000,-50,868500000,LoRa,SF12BW125,4/5,true,ACcQGwH0/j4JDQUDqwAA
103411,3036363264397D0B,7276FF0039030A46,1665665146,31,2,0,2,-6.200000,-55,868500000,LoRa,SF7BW125,4/5,true,ACcQHAH0/j4JDQUDqwAA
103412,303636326B39820B,7276FF0039030A46,1665665146,8,2,0,1,9.500000,-61,868300000,LoRa,SF7BW125,4/5,true,ACcQGgH0/j4JDQUDqwAA
103413,303636326E398D17,7276FF0039030A46,1665665156,18,2,0,1,10.000000,-67,868300000,LoRa,SF7BW125,4/5,true,ACcQHQH0/j4JDQUDqwAA
103414,3036363264397D0B,7276FF0039030A46,1665665156,32,2,0,1,10.200000,-55,868300000,LoRa,SF7BW125,4/5,true,ACcQHAH0/j4JDQUDqwAA
103415,303636326B39820B,7276FF0039030A46,1665665156,9,2,0,1,9.800000,-67,868300000,LoRa,SF7BW125,4/5,true,ACcQGgH0/j4JDQUDqwAA
103416,303636326E398D17,7276FF0039030A46,1665665166,19,2,0,1,9.800000,-65,868300000,LoRa,SF7BW125,4/5,true,ACcQHQH0/j4JDQUDqwAA
103417,3036363264397D0B,7276FF0039030A46,1665665166,33,2,0,2,8.000000,-63,868500000,LoRa,SF7BW125,4/5,true,ACcQHQH0/j4JDQUDqwAA
103418,303636326B39820B,7276FF0039030A46,1665665166,10,2,0,0,9.200000,-74,868100000,LoRa,SF7BW125,4/5,true,ACcQGwH0/j4JDQUDqwAA
103419,303636326739830B,7276FF0039030A46,1665665172,1,2,0,0,11.200000,-40,868100000,LoRa,SF12BW125,4/5,true,ACcQGwH0/j4JDQUDqwAA
103420,303636326E398D17,7276FF0039030A46,1665665176,20,2,0,1,9.000000,-63,868300000,LoRa,SF7BW125,4/5,true,ACcQHQH0/j4JDQUDqwAA
103421,3036363264397D0B,7276FF0039030A46,1665665176,34,2,0,2,6.800000,-49,868500000,LoRa,SF7BW125,4/5,true,ACcQHAH0/j4JDQUDqwAA
103422,303636326B39820B,7276FF0039030A46,1665665176,11,2,0,1,11.000000,-59,868300000,LoRa,SF7BW125,4/5,true,ACcQGwH0/j4JDQUDqwAA
103423,303636326739830B,7276FF0039030A46,1665665182,2,2,0,1,9.800000,-40,868300000,LoRa,SF12BW125,4/5,true,ACcQGwH0/j4JDQUDqwAA
103424,303636326E398D17,7276FF0039030A46,1665665186,21,2,0,0,9.500000,-55,868100000,LoRa,SF7BW125,4/5,true,ACcQHQH0/j4JDQUDqwAA
103425,3036363264397D0B,7276FF0039030A46,1665665186,35,2,0,1,10.000000,-57,868300000,LoRa,SF7BW125,4/5,true,ACcQHAH0/j4JDQUDqwAA
103426,303636326B39820B,7276FF0039030A46,1665665186,12,2,0,2,6.200000,-52,868500000,LoRa,SF7BW125,4/5,true,ACcQGgH0/j4JDQUDqwAA
103427,303636326739830B,7276FF0039030A46,1665665192,3,2,0,1,9.500000,-39,868300000,LoRa,SF12BW125,4/5,true,ACcQGwH0/j4JDQUDqwAA
103428,303636326E398D17,7276FF0039030A46,1665665196,22,2,0,1,10.000000,-51,868300000,LoRa,SF7BW125,4/5,true,ACcQHQH0/j4JDQUDqwAA
103429,3036363264397D0B,7276FF0039030A46,1665665196,36,2,0,0,9.500000,-64,868100000,LoRa,SF7BW125,4/5,true,ACcQHAH0/j4JDQUDqwAA
103430,303636326B39820B,7276FF0039030A46,1665665197,13,2,0,1,9.000000,-61,868300000,LoRa,SF7BW125,4/5,true,ACcQGwH0/j4JDQUDqwAA
103431,303636326739830B,7276FF0039030A46,1665665202,4,2,0,2,9.000000,-40,868500000,LoRa,SF12BW125,4/5,true,ACcQGwH0/j4JDQUDqwAA
103432,303636326E398D17,7276FF0039030A46,1665665206,23,2,0,2,6.500000,-50,868500000,LoRa,SF7BW125,4/5,true,ACcQHQH0/j4JDQUDqwAA
103433,3036363264397D0B,7276FF0039030A46,1665665207,37,2,0,1,9.800000,-53,868300000,LoRa,SF7BW125,4/5,true,ACcQHAH0/j4JDQUDqwAA
103434,303636326B39820B,7276FF0039030A46,1665665207,14,2,0,0,9.800000,-59,868100000,LoRa,SF7BW125,4/5,true,ACcQGgH0/j4JDQUDqwAA
103435,303636326739830B,7276FF0039030A46,1665665212,5,2,0,0,9.800000,-39,868100000,LoRa,SF12BW125,4/5,true,ACcQGgH0/j4JDQUDqwAA
103436,303636326E398D17,7276FF0039030A46,1665665216,24,2,0,2,7.800000,-51,868500000,LoRa,SF7BW125,4/5,true,ACcQHQH0/j4JDQUDqwAA
103437,3036363264397D0B,7276FF0039030A46,1665665216,38,2,0,2,7.200000,-61,868500000,LoRa,SF7BW125,4/5,true,ACcQHQH0/j4JDQUDqwAA
103438,303636326B39820B,7276FF0039030A46,1665665216,15,2,0,1,11.500000,-52,868300000,LoRa,SF7BW125,4/5,true,ACcQGgH0/j4JDQUDqwAA
103439,303636326739830B,7276FF0039030A46,1665665222,6,2,0,0,12.800000,-43,868100000,LoRa,SF12BW125,4/5,true,ACcQGgH0/j4JDQUDqwAA
103440,303636326E398D17,7276FF0039030A46,1665665226,25,2,0,2,6.800000,-53,868500000,LoRa,SF7BW125,4/5,true,ACcQHAH0/j4JDQUDqwAA
103441,3036363264397D0B,7276FF0039030A46,1665665226,39,2,0,2,8.200000,-66,868500000,LoRa,SF7BW125,4/5,true,ACcQHQH0/j4JDQUDqwAA
103442,303636326B39820B,7276FF0039030A46,1665665226,16,2,0,2,8.200000,-55,868500000,LoRa,SF7BW125,4/5,true,ACcQGwH0/j4JDQUDqwAA
103443,303636326739830B,7276FF0039030A46,1665665232,7,2,0,0,11.500000,-42,868100000,LoRa,SF12BW125,4/5,true,ACcQGwH0/j4JDQUDqwAA
103444,303636326E398D17,7276FF0039030A46,1665665236,26,2,0,1,10.500000,-55,868300000,LoRa,SF7BW125,4/5,true,ACcQHAH0/j4JDQUDqwAA
103445,3036363264397D0B,7276FF0039030A46,1665665236,40,2,0,2,7.500000,-57,868500000,LoRa,SF7BW125,4/5,true,ACcQHAH0/j4JDQUDqwAA
103446,303636326B39820B,7276FF0039030A46,1665665236,17,2,0,2,7.000000,-53,868500000,LoRa,SF7BW125,4/5,true,ACcQGgH0/j4JDQUDqwAA
103447,303636326739830B,7276FF0039030A46,1665665241,8,2,0,1,9.500000,-45,868300000,LoRa,SF7BW125,4/5,true,ACcQGgH0/j4JDQUDqwAA
103448,303636326E398D17,7276FF0039030A46,1665665246,27,2,0,2,7.800000,-52,868500000,LoRa,SF7BW125,4/5,true,ACcQHQH0/j4JDQUDqwAA
103449,3036363264397D0B,7276FF0039030A46,1665665246,41,2,0,1,9.800000,-57,868300000,LoRa,SF7BW125,4/5,true,ACcQHQH0/j4JDQUDqwAA
103450,303636326B39820B,7276FF0039030A46,1665665246,18,2,0,1,8.000000,-52,868300000,LoRa,SF7BW125,4/5,true,ACcQGgH0/j4JDQUDqwAA
103451,303636326739830B,7276FF0039030A46,1665665251,9,2,0,2,7.500000,-43,868500000,LoRa,SF7BW125,4/5,true,ACcQGwH0/j4JDQUDqwAA
103452,303636326E398D17,7276FF0039030A46,1665665256,28,2,0,1,10.200000,-53,868300000,LoRa,SF7BW125,4/5,true,ACcQHQH0/j4JDQUDqwAA
103453,3036363264397D0B,7276FF0039030A46,1665665256,42,2,0,2,6.500000,-49,868500000,LoRa,SF7BW125,4/5,true,ACcQHAH0/j4JDQUDqwAA
103454,303636326B39820B,7276FF0039030A46,1665665256,19,2,0,2,7.200000,-53,868500000,LoRa,SF7BW125,4/5,true,ACcQGgH0/j4JDQUDqwAA
103455,303636326739830B,7276FF0039030A46,1665665261,10,2,0,1,10.200000,-43,868300000,LoRa,SF7BW125,4/5,true,ACcQGwH0/j4JDQUDqwAA
103456,303636326E398D17,7276FF0039030A46,1665665266,29,2,0,2,7.200000,-55,868500000,LoRa,SF7BW125,4/5,true,ACcQHQH0/j4JDQUDqwAA
103457,3036363264397D0B,7276FF0039030A46,1665665266,43,2,0,1,10.200000,-51,868300000,LoRa,SF7BW125,4/5,true,ACcQHQH0/j4JDQUDqwAA
103458,303636326B39820B,7276FF0039030A46,1665665266,20,2,0,0,10.000000,-55,868100000,LoRa,SF7BW125,4/5,true,ACcQGwH0/j4JDQUDqwAA
103459,303636326739830B,7276FF0039030A46,1665665271,11,2,0,1,9.200000,-41,868300000,LoRa,SF7BW125,4/5,true,ACcQGwH0/j4JDQUDqwAA
103460,303636326E398D17,7276FF0039030A46,1665665276,30,2,0,0,9.800000,-49,868100000,LoRa,SF7BW125,4/5,true,ACcQHQH0/j4JDQUDqwAA
103461,3036363264397D0B,7276FF0039030A46,1665665276,44,2,0,2,7.500000,-44,868500000,LoRa,SF7BW125,4/5,true,ACcQHAH0/j4JDQUDqwAA
103462,303636326B39820B,7276FF0039030A46,1665665276,21,2,0,1,10.500000,-51,868300000,LoRa,SF7BW125,4/5,true,ACcQGgH0/j4JDQUDqwAA
103463,303636326739830B,7276FF0039030A46,1665665281,12,2,0,2,7.200000,-41,868500000,LoRa,SF7BW125,4/5,true,ACcQGwH0/j4JDQUDqwAA
103464,303636326E398D17,7276FF0039030A46,1665665286,31,2,0,1,10.000000,-49,868300000,LoRa,SF7BW125,4/5,true,ACcQHQH0/j4JDQUDqwAA
103465,3036363264397D0B,7276FF0039030A46,1665665286,45,2,0,1,9.000000,-46,868300000,LoRa,SF7BW125,4/5,true,ACcQHAH0/j4JDQUDqwAA
103466,303636326B39820B,7276FF0039030A46,1665665286,22,2,0,2,6.500000,-51,868500000,LoRa,SF7BW125,4/5,true,ACcQGgH0/j4JDQUDqwAA
103467,303636326739830B,7276FF0039030A46,1665665291,13,2,0,2,7.500000,-44,868500000,LoRa,SF7BW125,4/5,true,ACcQGwH0/j4JDQUDqwAA
103468,303636326E398D17,7276FF0039030A46,1665665296,32,2,0,2,8.200000,-55,868500000,LoRa,SF7BW125,4/5,true,ACcQHQH0/j4JDQUDqwAA
103469,3036363264397D0B,7276FF0039030A46,1665665296,46,2,0,2,8.000000,-53,868500000,LoRa,SF7BW125,4/5,true,ACcQHAH0/j4JDQUDqwAA
103470,303636326B39820B,7276FF0039030A46,1665665296,23,2,0,0,9.200000,-52,868100000,LoRa,SF7BW125,4/5,true,ACcQGgH0/j4JDQUDqwAA
103471,303636326739830B,7276FF0039030A46,1665665301,14,2,0,0,8.500000,-41,868100000,LoRa,SF7BW125,4/5,true,ACcQGwH0/j4JDQUDqwAA
103472,303636326E398D17,7276FF0039030A46,1665665306,33,2,0,2,7.500000,-61,868500000,LoRa,SF7BW125,4/5,true,ACcQHQH0/j4JDQUDqwAA
103473,3036363264397D0B,7276FF0039030A46,1665665306,47,2,0,1,10.000000,-47,868300000,LoRa,SF7BW125,4/5,true,ACcQHAH0/j4JDQUDqwAA
103474,303636326B39820B,7276FF0039030A46,1665665306,24,2,0,0,10.200000,-58,868100000,LoRa,SF7BW125,4/5,true,ACcQGwH0/j4JDQUDqwAA
103475,303636326739830B,7276FF0039030A46,1665665311,15,2,0,1,10.000000,-43,868300000,LoRa,SF7BW125,4/5,true,ACcQGwH0/j4JDQUDqwAA
103476,303636326E398D17,7276FF0039030A46,1665665316,34,2,0,0,10.200000,-51,868100000,LoRa,SF7BW125,4/5,true,ACcQHAH0/j4JDQUDqwAA
103477,3036363264397D0B,7276FF0039030A46,1665665316,48,2,0,1,9.200000,-47,868300000,LoRa,SF7BW125,4/5,true,ACcQHAH0/j4JDQUDqwAA
103478,303636326B39820B,7276FF0039030A46,1665665316,25,2,0,2,7.800000,-51,868500000,LoRa,SF7BW125,4/5,true,ACcQGgH0/j4JDQUDqwAA
103479,303636326739830B,7276FF0039030A46,1665665321,16,2,0,1,9.800000,-44,868300000,LoRa,SF7BW125,4/5,true,ACcQGwH0/j4JDQUDqwAA
103480,303636326E398D17,7276FF0039030A46,1665665326,35,2,0,0,9.500000,-52,868100000,LoRa,SF7BW125,4/5,true,ACcQHQH0/j4JDQUDqwAA
103481,3036363264397D0B,7276FF0039030A46,1665665326,49,2,0,2,7.500000,-44,868500000,LoRa,SF7BW125,4/5,true,ACcQHQH0/j4JDQUDqwAA
103482,303636326B39820B,7276FF0039030A46,1665665326,26,2,0,1,10.500000,-48,868300000,LoRa,SF7BW125,4/5,true,ACcQGwH0/j4JDQUDqwAA
103483,303636326739830B,7276FF0039030A46,1665665331,17,2,0,2,7.500000,-41,868500000,LoRa,SF7BW125,4/5,true,ACcQGwH0/j4JDQUDqwAA
103484,303636326E398D17,7276FF0039030A46,1665665336,36,2,0,2,7.500000,-49,868500000,LoRa,SF7BW125,4/5,true,ACcQHQH0/j4JDQUDqwAA
103485,3036363264397D0B,7276FF0039030A46,1665665336,50,2,0,1,9.800000,-44,868300000,LoRa,SF7BW125,4/5,true,ACcQHAH0/j4JDQUDqwAA
103486,303636326B39820B,7276FF0039030A46,1665665336,27,2,0,1,10.800000,-51,868300000,LoRa,SF7BW125,4/5,true,ACcQGwH0/j4JDQUDqwAA
103487,303636326739830B,7276FF0039030A46,1665665341,18,2,0,0,9.200000,-43,868100000,LoRa,SF7BW125,4/5,true,ACcQGgH0/j4JDQUDqwAA
103488,303636326E398D17,7276FF0039030A46,1665665346,37,2,0,0,10.200000,-49,868100000,LoRa,SF7BW125,4/5,true,ACcQHQH0/j4JDQUDqwAA
103489,3036363264397D0B,7276FF0039030A46,1665665346,51,2,0,0,7.200000,-49,868100000,LoRa,SF7BW125,4/5,true,ACcQHAH0/j4JDQUDqwAA
103490,303636326739830B,7276FF0039030A46,1665665351,19,2,0,0,10.200000,-45,868100000,LoRa,SF7BW125,4/5,true,ACcQGwH0/j4JDQUDqwAA
103491,303636328039740A,7276FF0039030A46,1665665352,1,2,0,1,12.200000,-43,868300000,LoRa,SF12BW125,4/5,true,ACcQGwH0/j4JDQUDqwAA
103492,303636326E398D17,7276FF0039030A46,1665665356,38,2,0,0,9.500000,-52,868100000,LoRa,SF7BW125,4/5,true,ACcQHQH0/j4JDQUDqwAA
103493,3036363264397D0B,7276FF0039030A46,1665665356,52,2,0,0,10.200000,-49,868100000,LoRa,SF7BW125,4/5,true,ACcQHQH0/j4JDQUDqwAA
103494,303636326B39820B,7276FF0039030A46,1665665356,29,2,0,1,9.800000,-53,868300000,LoRa,SF7BW125,4/5,true,ACcQGwH0/j4JDQUDqwAA
103495,303636326739830B,7276FF0039030A46,1665665361,20,2,0,1,10.000000,-43,868300000,LoRa,SF7BW125,4/5,true,ACcQGwH0/j4JDQUDqwAA
103496,303636326E398D17,7276FF0039030A46,1665665366,39,2,0,0,9.000000,-52,868100000,LoRa,SF7BW125,4/5,true,ACcQHQH0/j4JDQUDqwAA
103497,303636326739830B,7276FF0039030A46,1665665371,21,2,0,0,9.500000,-45,868100000,LoRa,SF7BW125,4/5,true,ACcQGgH0/j4JDQUDqwAA
103498,303636326E398D17,7276FF0039030A46,1665665376,40,2,0,2,7.500000,-50,868500000,LoRa,SF7BW125,4/5,true,ACcQHQH0/j4JDQUDqwAA
103499,3036363264397D0B,7276FF0039030A46,1665665376,54,2,0,0,8.500000,-51,868100000,LoRa,SF7BW125,4/5,true,ACcQHAH0/j4JDQUDqwAA
103500,303636328039740A,7276FF0039030A46,1665665377,1,2,0,1,11.200000,-42,868300000,LoRa,SF12BW125,4/5,true,ACcQHAH0/j4JDQUDqwAA
103501,303636326739830B,7276FF0039030A46,1665665381,22,2,0,1,10.500000,-46,868300000,LoRa,SF7BW125,4/5,true,ACcQGgH0/j4JDQUDqwAA
103502,303636326E398D17,7276FF0039030A46,1665665386,41,2,0,2,8.000000,-49,868500000,LoRa,SF7BW125,4/5,true,ACcQHQH0/j4JDQUDqwAA
103503,3036363264397D0B,7276FF0039030A46,1665665386,55,2,0,2,7.200000,-51,868500000,LoRa,SF7BW125,4/5,true,ACcQHAH0/j4JDQUDqwAA
103504,303636326B39820B,7276FF0039030A46,1665665386,32,2,0,0,11.200000,-58,868100000,LoRa,SF7BW125,4/5,true,ACcQGgH0/j4JDQUDqwAA
103505,303636328039740A,7276FF0039030A46,1665665387,2,2,0,1,10.000000,-47,868300000,LoRa,SF12BW125,4/5,true,ACcQGwH0/j4JDQUDqwAA
103506,303636326739830B,7276FF0039030A46,1665665391,23,2,0,1,9.200000,-46,868300000,LoRa,SF7BW125,4/5,true,ACcQGgH0/j4JDQUDqwAA
103507,303636326E398D17,7276FF0039030A46,1665665396,42,2,0,0,10.500000,-50,868100000,LoRa,SF7BW125,4/5,true,ACcQHAH0/j4JDQUDqwAA
103508,3036363264397D0B,7276FF0039030A46,1665665396,56,2,0,1,-1.200000,-49,868300000,LoRa,SF7BW125,4/5,true,ACcQHAH0/j4JDQUDqwAA
103509,303636326B39820B,7276FF0039030A46,1665665396,33,2,0,0,9.800000,-53,868100000,LoRa,SF7BW125,4/5,true,ACcQGgH0/j4JDQUDqwAA
103510,303636328039740A,7276FF0039030A46,1665665397,3,2,0,1,12.200000,-45,868300000,LoRa,SF12BW125,4/5,true,ACcQHAH0/j4JDQUDqwAA
103511,303636326739830B,7276FF0039030A46,1665665401,24,2,0,2,8.000000,-43,868500000,LoRa,SF7BW125,4/5,true,ACcQGwH0/j4JDQUDqwAA
103512,303636326E398D17,7276FF0039030A46,1665665406,43,2,0,2,7.800000,-52,868500000,LoRa,SF7BW125,4/5,true,ACcQHAH0/j4JDQUDqwAA
103513,3036363264397D0B,7276FF0039030A46,1665665406,57,2,0,2,7.000000,-46,868500000,LoRa,SF7BW125,4/5,true,ACcQHAH0/j4JDQUDqwAA
103514,303636326B39820B,7276FF0039030A46,1665665406,34,2,0,2,7.500000,-49,868500000,LoRa,SF7BW125,4/5,true,ACcQGgH0/j4JDQUDqwAA
103515,303636328039740A,7276FF0039030A46,1665665407,4,2,0,1,11.000000,-43,868300000,LoRa,SF12BW125,4/5,true,ACcQGwH0/j4JDQUDqwAA
103516,303636326739830B,7276FF0039030A46,1665665411,25,2,0,2,7.500000,-41,868500000,LoRa,SF7BW125,4/5,true,ACcQGgH0/j4JDQUDqwAA
103517,303636326E398D17,7276FF0039030A46,1665665416,44,2,0,0,9.200000,-47,868100000,LoRa,SF7BW125,4/5,true,ACcQHAH0/j4JDQUDqwAA
103518,3036363264397D0B,7276FF0039030A46,1665665416,58,2,0,1,10.000000,-46,868300000,LoRa,SF7BW125,4/5,true,ACcQHAH0/j4JDQUDqwAA
103519,303636326B39820B,7276FF0039030A46,1665665416,35,2,0,0,8.200000,-71,868100000,LoRa,SF7BW125,4/5,true,ACcQGgH0/j4JDQUDqwAA
103520,303636328039740A,7276FF0039030A46,1665665417,5,2,0,2,9.800000,-43,868500000,LoRa,SF12BW125,4/5,true,ACcQGwH0/j4JDQUDqwAA
103521,303636326739830B,7276FF0039030A46,1665665421,26,2,0,0,11.000000,-44,868100000,LoRa,SF7BW125,4/5,true,ACcQGwH0/j4JDQUDqwAA
103522,303636326E398D17,7276FF0039030A46,1665665426,45,2,0,2,8.000000,-46,868500000,LoRa,SF7BW125,4/5,true,ACcQHAH0/j4JDQUDqwAA
103523,3036363264397D0B,7276FF0039030A46,1665665426,59,2,0,2,7.800000,-47,868500000,LoRa,SF7BW125,4/5,true,ACcQHAH0/j4JDQUDqwAA
103524,303636328039740A,7276FF0039030A46,1665665427,6,2,0,1,11.500000,-43,868300000,LoRa,SF12BW125,4/5,true,ACcQHAH0/j4JDQUDqwAA
103525,303636326739830B,7276FF0039030A46,1665665431,27,2,0,0,10.000000,-46,868100000,LoRa,SF7BW125,4/5,true,ACcQGwH0/j4JDQUDqwAA
103526,303636326E398D17,7276FF0039030A46,1665665436,46,2,0,1,9.800000,-49,868300000,LoRa,SF7BW125,4/5,true,ACcQHQH0/j4JDQUDqwAA
103527,3036363264397D0B,7276FF0039030A46,1665665436,60,2,0,0,9.500000,-47,868100000,LoRa,SF7BW125,4/5,true,ACcQHAH0/j4JDQUDqwAA
103528,303636326B39820B,7276FF0039030A46,1665665436,37,2,0,0,9.800000,-58,868100000,LoRa,SF7BW125,4/5,true,ACcQGgH0/j4JDQUDqwAA
103529,303636328039740A,7276FF0039030A46,1665665437,7,2,0,2,9.500000,-45,868500000,LoRa,SF12BW125,4/5,true,ACcQHAH0/j4JDQUDqwAA
103530,303636326739830B,7276FF0039030A46,1665665441,28,2,0,0,9.200000,-41,868100000,LoRa,SF7BW125,4/5,true,ACcQGgH0/j4JDQUDqwAA
103531,303636328039740A,7276FF0039030A46,1665665446,8,2,0,2,7.500000,-51,868500000,LoRa,SF7BW125,4/5,true,ACcQHAH0/j4JDQUDqwAA
103532,303636326E398D17,7276FF0039030A46,1665665446,47,2,0,2,7.500000,-47,868500000,LoRa,SF7BW125,4/5,true,ACcQHAH0/j4JDQUDqwAA
103533,3036363264397D0B,7276FF0039030A46,1665665446,61,2,0,2,7.800000,-45,868500000,LoRa,SF7BW125,4/5,true,ACcQHAH0/j4JDQUDqwAA
103534,303636326B39820B,7276FF0039030A46,1665665446,38,2,0,0,9.500000,-73,868100000,LoRa,SF7BW125,4/5,true,ACcQGgH0/j4JDQUDqwAA
103535,303636326739830B,7276FF0039030A46,1665665451,29,2,0,2,7.500000,-41,868500000,LoRa,SF7BW125,4/5,true,ACcQGwH0/j4JDQUDqwAA
103536,303636326E398D17,7276FF0039030A46,1665665456,48,2,0,0,9.500000,-49,868100000,LoRa,SF7BW125,4/5,true,ACcQHQH0/j4JDQUDqwAA
103537,3036363264397D0B,7276FF0039030A46,1665665456,62,2,0,1,10.500000,-46,868300000,LoRa,SF7BW125,4/5,true,ACcQHAH0/j4JDQUDqwAA
103538,303636326B39820B,7276FF0039030A46,1665665456,39,2,0,0,9.500000,-67,868100000,LoRa,SF7BW125,4/5,true,ACcQGgH0/j4JDQUDqwAA
103539,303636326739830B,7276FF0039030A46,1665665461,30,2,0,1,9.500000,-43,868300000,LoRa,SF7BW125,4/5,true,ACcQGwH0/j4JDQUDqwAA
103540,303636326E398D17,7276FF0039030A46,1665665466,49,2,0,2,8.000000,-45,868500000,LoRa,SF7BW125,4/5,true,ACcQHQH0/j4JDQUDqwAA
103541,3036363264397D0B,7276FF0039030A46,1665665466,63,2,0,2,7.200000,-44,868500000,LoRa,SF7BW125,4/5,true,ACcQHAH0/j4JDQUDqwAA
103542,303636326B39820B,7276FF0039030A46,1665665466,40,2,0,2,7.200000,-50,868500000,LoRa,SF7BW125,4/5,true,ACcQGgH0/j4JDQUDqwAA
103543,303636326739830B,7276FF0039030A46,1665665471,31,2,0,0,9.500000,-42,868100000,LoRa,SF7BW125,4/5,true,ACcQGgH0/j4JDQUDqwAA
103544,303636328039740A,7276FF0039030A46,1665665474,1,2,0,1,12.800000,-40,868300000,LoRa,SF12BW125,4/5,true,ACcQHAH0/j4JDQUDqwAA
103545,303636326E398D17,7276FF0039030A46,1665665476,50,2,0,2,7.500000,-47,868500000,LoRa,SF7BW125,4/5,true,ACcQHQH0/j4JDQUDqwAA
103546,3036363264397D0B,7276FF0039030A46,1665665476,64,2,0,1,9.500000,-45,868300000,LoRa,SF7BW125,4/5,true,ACcQHAH0/j4JDQUDqwAA
103547,303636326B39820B,7276FF0039030A46,1665665476,41,2,0,0,10.200000,-61,868100000,LoRa,SF7BW125,4/5,true,ACcQGgH0/j4JDQUDqwAA
103548,303636326739830B,7276FF0039030A46,1665665481,32,2,0,1,10.000000,-46,868300000,LoRa,SF7BW125,4/5,true,ACcQGwH0/j4JDQUDqwAA
103549,303636328039740A,7276FF0039030A46,1665665483,2,2,0,1,9.200000,-45,868300000,LoRa,SF12BW125,4/5,true,ACcQHAH0/j4JDQUDqwAA
103550,303636326E398D17,7276FF0039030A46,1665665486,51,2,0,2,8.000000,-49,868500000,LoRa,SF7BW125,4/5,true,ACcQHAH0/j4JDQUDqwAA
103551,3036363264397D0B,7276FF0039030A46,1665665486,65,2,0,0,9.500000,-45,868100000,LoRa,SF7BW125,4/5,true,ACcQHAH0/j4JDQUDqwAA
103552,303636326B39820B,7276FF0039030A46,1665665486,42,2,0,0,8.800000,-58,868100000,LoRa,SF7BW125,4/5,true,ACcQGwH0/j4JDQUDqwAA
103553,303636326739830B,7276FF0039030A46,1665665491,33,2,0,2,8.800000,-41,868500000,LoRa,SF7BW125,4/5,true,ACcQGwH0/j4JDQUDqwAA
103554,303636328039740A,7276FF0039030A46,1665665493,3,2,0,0,11.500000,-43,868100000,LoRa,SF12BW125,4/5,true,ACcQHAH0/j4JDQUDqwAA
103555,303636326E398D17,7276FF0039030A46,1665665496,52,2,0,2,7.200000,-49,868500000,LoRa,SF7BW125,4/5,true,ACcQHQH0/j4JDQUDqwAA
103556,3036363264397D0B,7276FF0039030A46,1665665496,66,2,0,0,10.200000,-47,868100000,LoRa,SF7BW125,4/5,true,ACcQHAH0/j4JDQUDqwAA
103557,303636326B39820B,7276FF0039030A46,1665665496,43,2,0,2,7.500000,-50,868500000,LoRa,SF7BW125,4/5,true,ACcQGgH0/j4JDQUDqwAA
103558,303636326739830B,7276FF0039030A46,1665665501,34,2,0,2,7.500000,-46,868500000,LoRa,SF7BW125,4/5,true,ACcQGwH0/j4JDQUDqwAA
103559,303636328039740A,7276FF0039030A46,1665665503,4,2,0,1,12.500000,-47,868300000,LoRa,SF12BW125,4/5,true,ACcQHAH0/j4JDQUDqwAA
103560,303636326E398D17,7276FF0039030A46,1665665506,53,2,0,0,10.500000,-52,868100000,LoRa,SF7BW125,4/5,true,ACcQHAH0/j4JDQUDqwAA
103561,3036363264397D0B,7276FF0039030A46,1665665506,67,2,0,1,8.500000,-45,868300000,LoRa,SF7BW125,4/5,true,ACcQHAH0/j4JDQUDqwAA
103562,303636326B39820B,7276FF0039030A46,1665665506,44,2,0,1,10.000000,-52,868300000,LoRa,SF7BW125,4/5,true,ACcQGgH0/j4JDQUDqwAA
103563,303636326739830B,7276FF0039030A46,1665665511,35,2,0,0,9.800000,-45,868100000,LoRa,SF7BW125,4/5,true,ACcQGgH0/j4JDQUDqwAA
103564,303636328039740A,7276FF0039030A46,1665665513,5,2,0,1,12.000000,-48,868300000,LoRa,SF12BW125,4/5,true,ACcQHAH0/j4JDQUDqwAA
103565,303636326E398D17,7276FF0039030A46,1665665516,54,2,0,0,9.800000,-52,868100000,LoRa,SF7BW125,4/5,true,ACcQHQH0/j4JDQUDqwAA
103566,3036363264397D0B,7276FF0039030A46,1665665516,68,2,0,0,9.500000,-47,868100000,LoRa,SF7BW125,4/5,true,ACcQHAH0/j4JDQUDqwAA
103567,303636326B39820B,7276FF0039030A46,1665665516,45,2,0,2,8.200000,-48,868500000,LoRa,SF7BW125,4/5,true,ACcQGwH0/j4JDQUDqwAA
103568,303636326739830B,7276FF0039030A46,1665665521,36,2,0,2,7.800000,-44,868500000,LoRa,SF7BW125,4/5,true,ACcQGwH0/j4JDQUDqwAA
103569,303636328039740A,7276FF0039030A46,1665665523,6,2,0,2,10.000000,-47,868500000,LoRa,SF12BW125,4/5,true,ACcQGwH0/j4JDQUDqwAA
103570,303636326E398D17,7276FF0039030A46,1665665526,55,2,0,1,9.200000,-52,868300000,LoRa,SF7BW125,4/5,true,ACcQHQH0/j4JDQUDqwAA
103571,3036363264397D0B,7276FF0039030A46,1665665526,69,2,0,2,7.000000,-46,868500000,LoRa,SF7BW125,4/5,true,ACcQHAH0/j4JDQUDqwAA
103572,303636326B39820B,7276FF0039030A46,1665665526,46,2,0,2,7.500000,-51,868500000,LoRa,SF7BW125,4/5,true,ACcQGgH0/j4JDQUDqwAA
103573,303636326739830B,7276FF0039030A46,1665665531,37,2,0,0,10.000000,-47,868100000,LoRa,SF7BW125,4/5,true,ACcQGwH0/j4JDQUDqwAA
103574,303636326E398D17,7276FF0039030A46,1665665536,56,2,0,0,10.200000,-49,868100000,LoRa,SF7BW125,4/5,true,ACcQHQH0/j4JDQUDqwAA
103575,3036363264397D0B,7276FF0039030A46,1665665536,70,2,0,2,7.500000,-44,868500000,LoRa,SF7BW125,4/5,true,ACcQHAH0/j4JDQUDqwAA
103576,303636326B39820B,7276FF0039030A46,1665665536,47,2,0,2,7.800000,-47,868500000,LoRa,SF7BW125,4/5,true,ACcQGgH0/j4JDQUDqwAA
103577,303636326739830B,7276FF0039030A46,1665665541,38,2,0,2,7.500000,-45,868500000,LoRa,SF7BW125,4/5,true,ACcQGwH0/j4JDQUDqwAA
103578,303636326E398D17,7276FF0039030A46,1665665546,57,2,0,1,10.000000,-49,868300000,LoRa,SF7BW125,4/5,true,ACcQHQH0/j4JDQUDqwAA
103579,3036363264397D0B,7276FF0039030A46,1665665546,71,2,0,2,7.200000,-44,868500000,LoRa,SF7BW125,4/5,true,ACcQHAH0/j4JDQUDqwAA
103580,303636326B39820B,7276FF0039030A46,1665665546,48,2,0,2,8.000000,-51,868500000,LoRa,SF7BW125,4/5,true,ACcQGgH0/j4JDQUDqwAA
103581,303636326739830B,7276FF0039030A46,1665665551,39,2,0,0,9.500000,-43,868100000,LoRa,SF7BW125,4/5,true,ACcQGwH0/j4JDQUDqwAA
103582,303636326E398D17,7276FF0039030A46,1665665556,58,2,0,2,8.200000,-45,868500000,LoRa,SF7BW125,4/5,true,ACcQHQH0/j4JDQUDqwAA
103583,3036363264397D0B,7276FF0039030A46,1665665556,72,2,0,2,7.800000,-55,868500000,LoRa,SF7BW125,4/5,true,ACcQHAH0/j4JDQUDqwAA
103584,303636326B39820B,7276FF0039030A46,1665665556,49,2,0,1,8.800000,-53,868300000,LoRa,SF7BW125,4/5,true,ACcQGwH0/j4JDQUDqwAA
103585,303636326739830B,7276FF0039030A46,1665665561,40,2,0,1,9.200000,-47,868300000,LoRa,SF7BW125,4/5,true,ACcQGgH0/j4JDQUDqwAA
103586,303636326E398D17,7276FF0039030A46,1665665566,59,2,0,2,7.800000,-46,868500000,LoRa,SF7BW125,4/5,true,ACcQHQH0/j4JDQUDqwAA
103587,3036363264397D0B,7276FF0039030A46,1665665566,73,2,0,2,8.000000,-47,868500000,LoRa,SF7BW125,4/5,true,ACcQHAH0/j4JDQUDqwAA
103588,303636326B39820B,7276FF0039030A46,1665665566,50,2,0,0,8.800000,-51,868100000,LoRa,SF7BW125,4/5,true,ACcQGgH0/j4JDQUDqwAA
103589,303636326739830B,7276FF0039030A46,1665665571,41,2,0,2,7.200000,-47,868500000,LoRa,SF7BW125,4/5,true,ACcQGwH0/j4JDQUDqwAA
103590,303636326E398D17,7276FF0039030A46,1665665576,60,2,0,0,10.200000,-51,868100000,LoRa,SF7BW125,4/5,true,ACcQHQH0/j4JDQUDqwAA
103591,3036363264397D0B,7276FF0039030A46,1665665576,74,2,0,2,6.800000,-53,868500000,LoRa,SF7BW125,4/5,true,ACcQHAH0/j4JDQUDqwAA
103592,303636326B39820B,7276FF0039030A46,1665665576,51,2,0,0,9.000000,-49,868100000,LoRa,SF7BW125,4/5,true,ACcQGgH0/j4JDQUDqwAA
103593,303636326739830B,7276FF0039030A46,1665665581,42,2,0,0,8.800000,-47,868100000,LoRa,SF7BW125,4/5,true,ACcQGwH0/j4JDQUDqwAA
103594,303636326E398D17,7276FF0039030A46,1665665586,61,2,0,2,6.500000,-50,868500000,LoRa,SF7BW125,4/5,true,ACcQHQH0/j4JDQUDqwAA
103595,3036363264397D0B,7276FF0039030A46,1665665586,75,2,0,0,9.200000,-52,868100000,LoRa,SF7BW125,4/5,true,ACcQHAH0/j4JDQUDqwAA
103596,303636326B39820B,7276FF0039030A46,1665665586,52,2,0,2,7.200000,-46,868500000,LoRa,SF7BW125,4/5,true,ACcQGgH0/j4JDQUDqwAA
103597,303636326739830B,7276FF0039030A46,1665665591,43,2,0,2,8.000000,-43,868500000,LoRa,SF7BW125,4/5,true,ACcQGwH0/j4JDQUDqwAA
103598,303636326E398D17,7276FF0039030A46,1665665596,62,2,0,0,8.200000,-53,868100000,LoRa,SF7BW125,4/5,true,ACcQHQH0/j4JDQUDqwAA
103599,3036363264397D0B,7276FF0039030A46,1665665596,76,2,0,0,10.000000,-57,868100000,LoRa,SF7BW125,4/5,true,ACcQHAH0/j4JDQUDqwAA
103600,303636326B39820B,7276FF0039030A46,1665665596,53,2,0,2,8.200000,-44,868500000,LoRa,SF7BW125,4/5,true,ACcQGwH0/j4JDQUDqwAA
103601,303636326739830B,7276FF0039030A46,1665665601,44,2,0,0,10.500000,-46,868100000,LoRa,SF7BW125,4/5,true,ACcQGwH0/j4JDQUDqwAA
103602,303636326E398D17,7276FF0039030A46,1665665606,63,2,0,0,9.800000,-58,868100000,LoRa,SF7BW125,4/5,true,ACcQHQH0/j4JDQUDqwAA
103603,3036363264397D0B,7276FF0039030A46,1665665606,77,2,0,0,10.200000,-53,868100000,LoRa,SF7BW125,4/5,true,ACcQHAH0/j4JDQUDqwAA
103604,303636326B39820B,7276FF0039030A46,1665665606,54,2,0,2,7.000000,-49,868500000,LoRa,SF7BW125,4/5,true,ACcQGgH0/j4JDQUDqwAA
103605,303636326739830B,7276FF0039030A46,1665665611,45,2,0,0,9.800000,-44,868100000,LoRa,SF7BW125,4/5,true,ACcQGwH0/j4JDQUDqwAA
103606,303636326E398D17,7276FF0039030A46,1665665616,64,2,0,1,9.500000,-51,868300000,LoRa,SF7BW125,4/5,true,ACcQHQH0/j4JDQUDqwAA
103607,3036363264397D0B,7276FF0039030A46,1665665616,78,2,0,0,9.000000,-53,868100000,LoRa,SF7BW125,4/5,true,ACcQHAH0/j4JDQUDqwAA
103608,303636326739830B,7276FF0039030A46,1665665621,46,2,0,2,7.800000,-45,868500000,LoRa,SF7BW125,4/5,true,ACcQGwH0/j4JDQUDqwAA
103609,303636326E398D17,7276FF0039030A46,1665665626,65,2,0,0,10.800000,-53,868100000,LoRa,SF7BW125,4/5,true,ACcQHQH0/j4JDQUDqwAA
103610,3036363264397D0B,7276FF0039030A46,1665665626,79,2,0,2,8.200000,-47,868500000,LoRa,SF7BW125,4/5,true,ACcQHAH0/j4JDQUDqwAA
103611,303636326B39820B,7276FF0039030A46,1665665626,56,2,0,2,7.500000,-49,868500000,LoRa,SF7BW125,4/5,true,ACcQGgH0/j4JDQUDqwAA
103612,303636326739830B,7276FF0039030A46,1665665631,47,2,0,0,9.500000,-45,868100000,LoRa,SF7BW125,4/5,true,ACcQGwH0/j4JDQUDqwAA
103613,303636326E398D17,7276FF0039030A46,1665665636,66,2,0,0,10.200000,-55,868100000,LoRa,SF7BW125,4/5,true,ACcQHQH0/j4JDQUDqwAA
103614,3036363264397D0B,7276FF0039030A46,1665665636,80,2,0,2,7.000000,-53,868500000,LoRa,SF7BW125,4/5,true,ACcQHAH0/j4JDQUDqwAA
103615,303636326B39820B,7276FF0039030A46,1665665636,57,2,0,1,9.000000,-51,868300000,LoRa,SF7BW125,4/5,true,ACcQGgH0/j4JDQUDqwAA
103616,303636326739830B,7276FF0039030A46,1665665641,48,2,0,2,6.200000,-46,868500000,LoRa,SF7BW125,4/5,true,ACcQGwH0/j4JDQUDqwAA
103617,303636326E398D17,7276FF0039030A46,1665665646,67,2,0,0,9.500000,-51,868100000,LoRa,SF7BW125,4/5,true,ACcQHQH0/j4JDQUDqwAA
103618,3036363264397D0B,7276FF0039030A46,1665665646,81,2,0,1,10.000000,-52,868300000,LoRa,SF7BW125,4/5,true,ACcQHAH0/j4JDQUDqwAA
103619,303636326B39820B,7276FF0039030A46,1665665646,58,2,0,2,8.500000,-49,868500000,LoRa,SF7BW125,4/5,true,ACcQGgH0/j4JDQUDqwAA
103620,303636326739830B,7276FF0039030A46,1665665651,49,2,0,1,9.000000,-46,868300000,LoRa,SF7BW125,4/5,true,ACcQGwH0/j4JDQUDqwAA
103621,303636326E398D17,7276FF0039030A46,1665665656,68,2,0,2,7.500000,-51,868500000,LoRa,SF7BW125,4/5,true,ACcQHAH0/j4JDQUDqwAA
103622,3036363264397D0B,7276FF0039030A46,1665665656,82,2,0,0,9.800000,-57,868100000,LoRa,SF7BW125,4/5,true,ACcQHAH0/j4JDQUDqwAA
103623,303636326B39820B,7276FF0039030A46,1665665656,59,2,0,1,10.200000,-49,868300000,LoRa,SF7BW125,4/5,true,ACcQGwH0/j4JDQUDqwAA
103624,303636326739830B,7276FF0039030A46,1665665661,50,2,0,0,10.800000,-49,868100000,LoRa,SF7BW125,4/5,true,ACcQGwH0/j4JDQUDqwAA
103625,303636326E398D17,7276FF0039030A46,1665665666,69,2,0,1,9.200000,-51,868300000,LoRa,SF7BW125,4/5,true,ACcQHQH0/j4JDQUDqwAA
103626,3036363264397D0B,7276FF0039030A46,1665665666,83,2,0,0,11.200000,-70,868100000,LoRa,SF7BW125,4/5,true,ACcQHAH0/j4JDQUDqwAA
103627,303636326B39820B,7276FF0039030A46,1665665666,60,2,0,1,10.200000,-49,868300000,LoRa,SF7BW125,4/5,true,ACcQGwH0/j4JDQUDqwAA
103628,303636326739830B,7276FF0039030A46,1665665671,51,2,0,0,9.500000,-46,868100000,LoRa,SF7BW125,4/5,true,ACcQGwH0/j4JDQUDqwAA
103629,303636326E398D17,7276FF0039030A46,1665665676,70,2,0,1,9.800000,-52,868300000,LoRa,SF7BW125,4/5,true,ACcQHQH0/j4JDQUDqwAA
103630,3036363264397D0B,7276FF0039030A46,1665665676,84,2,0,0,9.500000,-57,868100000,LoRa,SF7BW125,4/5,true,ACcQHAH0/j4JDQUDqwAA
103631,303636326B39820B,7276FF0039030A46,1665665676,61,2,0,2,6.200000,-47,868500000,LoRa,SF7BW125,4/5,true,ACcQGwH0/j4JDQUDqwAA
103632,303636326739830B,7276FF0039030A46,1665665681,52,2,0,0,8.800000,-47,868100000,LoRa,SF7BW125,4/5,true,ACcQGwH0/j4JDQUDqwAA
103633,303636326E398D17,7276FF0039030A46,1665665686,71,2,0,2,7.500000,-49,868500000,LoRa,SF7BW125,4/5,true,ACcQHQH0/j4JDQUDqwAA
103634,3036363264397D0B,7276FF0039030A46,1665665686,85,2,0,2,8.500000,-55,868500000,LoRa,SF7BW125,4/5,true,ACcQHAH0/j4JDQUDqwAA
103635,303636326B39820B,7276FF0039030A46,1665665686,62,2,0,0,11.000000,-51,868100000,LoRa,SF7BW125,4/5,true,ACcQGwH0/j4JDQUDqwAA
103636,303636326739830B,7276FF0039030A46,1665665691,53,2,0,2,6.200000,-45,868500000,LoRa,SF7BW125,4/5,true,ACcQGgH0/j4JDQUDqwAA
103637,3036363264397D0B,7276FF0039030A46,1665665696,86,2,0,0,9.200000,-53,868100000,LoRa,SF7BW125,4/5,true,ACcQHAH0/j4JDQUDqwAA
103638,303636326B39820B,7276FF0039030A46,1665665696,63,2,0,0,9.200000,-50,868100000,LoRa,SF7BW125,4/5,true,ACcQGgH0/j4JDQUDqwAA
103639,303636326739830B,7276FF0039030A46,1665665701,54,2,0,0,10.800000,-47,868100000,LoRa,SF7BW125,4/5,true,ACcQGwH0/j4JDQUDqwAA
103640,3036363264397D0B,7276FF0039030A46,1665665706,87,2,0,0,10.000000,-57,868100000,LoRa,SF7BW125,4/5,true,ACcQHAH0/j4JDQUDqwAA
103641,303636326B39820B,7276FF0039030A46,1665665706,64,2,0,0,10.000000,-51,868100000,LoRa,SF7BW125,4/5,true,ACcQGwH0/j4JDQUDqwAA
103642,303636326739830B,7276FF0039030A46,1665665711,55,2,0,2,7.800000,-49,868500000,LoRa,SF7BW125,4/5,true,ACcQGwH0/j4JDQUDqwAA
103643,303636326E398D17,7276FF0039030A46,1665665716,74,2,0,0,9.200000,-56,868100000,LoRa,SF7BW125,4/5,true,ACcQHAH0/j4JDQUDqwAA
103644,303636326B39820B,7276FF0039030A46,1665665716,65,2,0,0,10.800000,-55,868100000,LoRa,SF7BW125,4/5,true,ACcQGgH0/j4JDQUDqwAA
103645,303636326739830B,7276FF0039030A46,1665665721,56,2,0,2,7.500000,-45,868500000,LoRa,SF7BW125,4/5,true,ACcQGwH0/j4JDQUDqwAA
103646,303636326B39820B,7276FF0039030A46,1665665726,66,2,0,0,9.800000,-50,868100000,LoRa,SF7BW125,4/5,true,ACcQGgH0/j4JDQUDqwAA
103647,303636326739830B,7276FF0039030A46,1665665731,57,2,0,1,9.500000,-50,868300000,LoRa,SF7BW125,4/5,true,ACcQGgH0/j4JDQUDqwAA
103648,303636326E398D17,7276FF0039030A46,1665665736,76,2,0,2,7.000000,-52,868500000,LoRa,SF7BW125,4/5,true,ACcQHAH0/j4JDQUDqwAA
103649,303636326B39820B,7276FF0039030A46,1665665736,67,2,0,1,9.200000,-52,868300000,LoRa,SF7BW125,4/5,true,ACcQGgH0/j4JDQUDqwAA
103650,303636326739830B,7276FF0039030A46,1665665741,58,2,0,2,7.500000,-48,868500000,LoRa,SF7BW125,4/5,true,ACcQGwH0/j4JDQUDqwAA
103651,303636326E398D17,7276FF0039030A46,1665665746,77,2,0,1,9.200000,-51,868300000,LoRa,SF7BW125,4/5,true,ACcQHQH0/j4JDQUDqwAA
103652,3036363264397D0B,7276FF0039030A46,1665665746,1,2,0,1,9.000000,-65,868300000,LoRa,SF12BW125,4/5,true,ACcQHQH0/j4JDQUDqwAA
103653,303636326B39820B,7276FF0039030A46,1665665746,68,2,0,1,10.000000,-52,868300000,LoRa,SF7BW125,4/5,true,ACcQGwH0/j4JDQUDqwAA
103654,303636326739830B,7276FF0039030A46,1665665751,59,2,0,2,8.000000,-49,868500000,LoRa,SF7BW125,4/5,true,ACcQGwH0/j4JDQUDqwAA
103655,303636326E398D17,7276FF0039030A46,1665665756,78,2,0,0,8.500000,-53,868100000,LoRa,SF7BW125,4/5,true,ACcQHQH0/j4JDQUDqwAA
103656,3036363264397D0B,7276FF0039030A46,1665665756,2,2,0,1,11.000000,-55,868300000,LoRa,SF12BW125,4/5,true,ACcQHQH0/j4JDQUDqwAA
103657,303636326B39820B,7276FF0039030A46,1665665756,69,2,0,0,9.200000,-50,868100000,LoRa,SF7BW125,4/5,true,ACcQGwH0/j4JDQUDqwAA
103658,303636326739830B,7276FF0039030A46,1665665761,60,2,0,0,9.800000,-51,868100000,LoRa,SF7BW125,4/5,true,ACcQGwH0/j4JDQUDqwAA
103659,303636326E398D17,7276FF0039030A46,1665665766,79,2,0,2,4.200000,-50,868500000,LoRa,SF7BW125,4/5,true,ACcQHQH0/j4JDQUDqwAA
103660,3036363264397D0B,7276FF0039030A46,1665665766,3,2,0,2,10.500000,-61,868500000,LoRa,SF12BW125,4/5,true,ACcQHAH0/j4JDQUDqwAA
103661,303636326B39820B,7276FF0039030A46,1665665766,70,2,0,0,-8.800000,-55,868100000,LoRa,SF7BW125,4/5,true,ACcQGgH0/j4JDQUDqwAA
103662,303636326739830B,7276FF0039030A46,1665665771,61,2,0,2,8.200000,-51,868500000,LoRa,SF7BW125,4/5,true,ACcQGgH0/j4JDQUDqwAA
103663,303636326E398D17,7276FF0039030A46,1665665776,80,2,0,0,6.800000,-44,868100000,LoRa,SF7BW125,4/5,true,ACcQHQH0/j4JDQUDqwAA
103664,303636326B39820B,7276FF0039030A46,1665665776,71,2,0,2,7.000000,-51,868500000,LoRa,SF7BW125,4/5,true,ACcQGgH0/j4JDQUDqwAA
103665,303636326739830B,7276FF0039030A46,1665665781,62,2,0,2,8.000000,-55,868500000,LoRa,SF7BW125,4/5,true,ACcQGwH0/j4JDQUDqwAA
103666,303636326E398D17,7276FF0039030A46,1665665786,81,2,0,0,-6.800000,-47,868100000,LoRa,SF7BW125,4/5,true,ACcQHQH0/j4JDQUDqwAA
103667,3036363264397D0B,7276FF0039030A46,1665665786,5,2,0,0,11.000000,-47,868100000,LoRa,SF12BW125,4/5,true,ACcQHAH0/j4JDQUDqwAA
103668,303636326B39820B,7276FF0039030A46,1665665786,72,2,0,2,7.800000,-49,868500000,LoRa,SF7BW125,4/5,true,ACcQGwH0/j4JDQUDqwAA
103669,303636326739830B,7276FF0039030A46,1665665791,63,2,0,2,8.200000,-51,868500000,LoRa,SF7BW125,4/5,true,ACcQGwH0/j4JDQUDqwAA
103670,303636326E398D17,7276FF0039030A46,1665665796,82,2,0,1,-7.800000,-42,868300000,LoRa,SF7BW125,4/5,true,ACcQHQH0/j4JDQUDqwAA
103671,303636326B39820B,7276FF0039030A46,1665665796,73,2,0,1,-5.000000,-49,868300000,LoRa,SF7BW125,4/5,true,ACcQGgH0/j4JDQUDqwAA
103672,303636326739830B,7276FF0039030A46,1665665801,64,2,0,0,8.000000,-52,868100000,LoRa,SF7BW125,4/5,true,ACcQGwH0/j4JDQUDqwAA
103673,303636326E398D17,7276FF0039030A46,1665665806,83,2,0,0,-6.200000,-45,868100000,LoRa,SF7BW125,4/5,true,ACcQHQH0/j4JDQUDqwAA
103674,3036363264397D0B,7276FF0039030A46,1665665806,7,2,0,2,10.000000,-45,868500000,LoRa,SF12BW125,4/5,true,ACcQHQH0/j4JDQUDqwAA
103675,303636326B39820B,7276FF0039030A46,1665665806,74,2,0,2,8.200000,-50,868500000,LoRa,SF7BW125,4/5,true,ACcQGgH0/j4JDQUDqwAA
103676,303636326739830B,7276FF0039030A46,1665665811,65,2,0,1,10.200000,-53,868300000,LoRa,SF7BW125,4/5,true,ACcQGwH0/j4JDQUDqwAA
103677,303636326E398D17,7276FF0039030A46,1665665816,84,2,0,1,-8.500000,-41,868300000,LoRa,SF7BW125,4/5,true,ACcQHQH0/j4JDQUDqwAA
103678,3036363264397D0B,7276FF0039030A46,1665665816,8,2,0,0,11.800000,-49,868100000,LoRa,SF12BW125,4/5,true,ACcQHQH0/j4JDQUDqwAA
103679,303636326B39820B,7276FF0039030A46,1665665816,75,2,0,1,-9.200000,-35,868300000,LoRa,SF7BW125,4/5,true,ACcQGwH0/j4JDQUDqwAA
103680,303636328039740A,7276FF0039030A46,1665665817,3,2,0,1,12.200000,-40,868300000,LoRa,SF12BW125,4/5,true,ACcQGwH0/j4JDQUDqwAA
103681,303636326739830B,7276FF0039030A46,1665665821,66,2,0,1,9.500000,-55,868300000,LoRa,SF7BW125,4/5,true,ACcQGwH0/j4JDQUDqwAA
103682,3036363264397D0B,7276FF0039030A46,1665665825,9,2,0,1,10.000000,-58,868300000,LoRa,SF7BW125,4/5,true,ACcQHQH0/j4JDQUDqwAA
103683,303636326B39820B,7276FF0039030A46,1665665826,76,2,0,1,8.500000,-53,868300000,LoRa,SF7BW125,4/5,true,ACcQGgH0/j4JDQUDqwAA
103684,303636328039740A,7276FF0039030A46,1665665827,4,2,0,0,12.000000,-43,868100000,LoRa,SF12BW125,4/5,true,ACcQHAH0/j4JDQUDqwAA
103685,303636326739830B,7276FF0039030A46,1665665831,67,2,0,2,7.200000,-51,868500000,LoRa,SF7BW125,4/5,true,ACcQGwH0/j4JDQUDqwAA
103686,303636326E398D17,7276FF0039030A46,1665665836,86,2,0,2,8.000000,-55,868500000,LoRa,SF7BW125,4/5,true,ACcQHQH0/j4JDQUDqwAA
103687,303636328039740A,7276FF0039030A46,1665665837,5,2,0,0,10.000000,-42,868100000,LoRa,SF12BW125,4/5,true,ACcQHAH0/j4JDQUDqwAA
103688,303636326739830B,7276FF0039030A46,1665665841,68,2,0,0,9.800000,-53,868100000,LoRa,SF7BW125,4/5,true,ACcQGwH0/j4JDQUDqwAA
103689,3036363264397D0B,7276FF0039030A46,1665665845,11,2,0,1,8.800000,-50,868300000,LoRa,SF7BW125,4/5,true,ACcQHAH0/j4JDQUDqwAA
103690,303636326B39820B,7276FF0039030A46,1665665846,78,2,0,1,9.800000,-51,868300000,LoRa,SF7BW125,4/5,true,ACcQGgH0/j4JDQUDqwAA
103691,303636326739830B,7276FF0039030A46,1665665851,69,2,0,2,7.500000,-56,868500000,LoRa,SF7BW125,4/5,true,ACcQGwH0/j4JDQUDqwAA
103692,3036363264397D0B,7276FF0039030A46,1665665855,12,2,0,2,7.500000,-49,868500000,LoRa,SF7BW125,4/5,true,ACcQHQH0/j4JDQUDqwAA
103693,303636326B39820B,7276FF0039030A46,1665665856,79,2,0,1,11.200000,-55,868300000,LoRa,SF7BW125,4/5,true,ACcQGwH0/j4JDQUDqwAA
103694,303636326739830B,7276FF0039030A46,1665665861,70,2,0,1,8.800000,-52,868300000,LoRa,SF7BW125,4/5,true,ACcQGwH0/j4JDQUDqwAA
103695,3036363264397D0B,7276FF0039030A46,1665665865,13,2,0,0,8.500000,-51,868100000,LoRa,SF7BW125,4/5,true,ACcQHQH0/j4JDQUDqwAA
103696,303636326B39820B,7276FF0039030A46,1665665866,80,2,0,0,10.200000,-61,868100000,LoRa,SF7BW125,4/5,true,ACcQGgH0/j4JDQUDqwAA
103697,303636328039740A,7276FF0039030A46,1665665867,6,2,0,2,9.000000,-40,868500000,LoRa,SF12BW125,4/5,true,ACcQGwH0/j4JDQUDqwAA
103698,303636326739830B,7276FF0039030A46,1665665871,71,2,0,2,7.800000,-58,868500000,LoRa,SF7BW125,4/5,true,ACcQGwH0/j4JDQUDqwAA
103699,3036363264397D0B,7276FF0039030A46,1665665875,14,2,0,1,9.800000,-50,868300000,LoRa,SF7BW125,4/5,true,ACcQHAH0/j4JDQUDqwAA
103700,303636326B39820B,7276FF0039030A46,1665665876,81,2,0,2,8.200000,-50,868500000,LoRa,SF7BW125,4/5,true,ACcQGgH0/j4JDQUDqwAA
103701,1657344E78397A20,7276FF0039030A46,1665665879,2692,1,0,1,9.500000,-43,868300000,LoRa,SF7BW125,4/5,true,DC3b
103702,303636326739830B,7276FF0039030A46,1665665881,72,2,0,1,9.800000,-51,868300000,LoRa,SF7BW125,4/5,true,ACcQGwH0/j4JDQUDqwAA
103703,3036363264397D0B,7276FF0039030A46,1665665885,15,2,0,1,9.000000,-49,868300000,LoRa,SF7BW125,4/5,true,ACcQHAH0/j4JDQUDqwAA
103704,303636326E398D17,7276FF0039030A46,1665665886,91,2,0,2,6.800000,-59,868500000,LoRa,SF7BW125,4/5,true,ACcQHQH0/j4JDQUDqwAA
103705,303636326B39820B,7276FF0039030A46,1665665886,82,2,0,1,9.800000,-51,868300000,LoRa,SF7BW125,4/5,true,ACcQGwH0/j4JDQUDqwAA
103706,303636326739830B,7276FF0039030A46,1665665891,73,2,0,1,10.200000,-53,868300000,LoRa,SF7BW125,4/5,true,ACcQGwH0/j4JDQUDqwAA
103707,3036363264397D0B,7276FF0039030A46,1665665895,16,2,0,1,9.200000,-47,868300000,LoRa,SF7BW125,4/5,true,ACcQHAH0/j4JDQUDqwAA
103708,303636326E398D17,7276FF0039030A46,1665665896,92,2,0,1,9.000000,-64,868300000,LoRa,SF7BW125,4/5,true,ACcQHQH0/j4JDQUDqwAA
103709,303636326B39820B,7276FF0039030A46,1665665896,83,2,0,0,10.000000,-59,868100000,LoRa,SF7BW125,4/5,true,ACcQGgH0/j4JDQUDqwAA
103710,303636326739830B,7276FF0039030A46,1665665901,74,2,0,2,8.200000,-51,868500000,LoRa,SF7BW125,4/5,true,ACcQGwH0/j4JDQUDqwAA
103711,3036363264397D0B,7276FF0039030A46,1665665905,17,2,0,2,7.800000,-47,868500000,LoRa,SF7BW125,4/5,true,ACcQHAH0/j4JDQUDqwAA
103712,303636326B39820B,7276FF0039030A46,1665665906,84,2,0,0,9.800000,-58,868100000,LoRa,SF7BW125,4/5,true,ACcQGgH0/j4JDQUDqwAA
103713,303636326E398D17,7276FF0039030A46,1665665907,93,2,0,2,10.200000,-58,868500000,LoRa,SF11BW125,4/5,true,ACcQHAH0/j4JDQUDqwAA
103714,303636326739830B,7276FF0039030A46,1665665911,75,2,0,2,8.500000,-51,868500000,LoRa,SF7BW125,4/5,true,ACcQGwH0/j4JDQUDqwAA
103715,3036363264397D0B,7276FF0039030A46,1665665915,18,2,0,2,6.800000,-49,868500000,LoRa,SF7BW125,4/5,true,ACcQHQH0/j4JDQUDqwAA
103716,303636326B39820B,7276FF0039030A46,1665665916,85,2,0,1,9.000000,-53,868300000,LoRa,SF7BW125,4/5,true,ACcQGwH0/j4JDQUDqwAA
103717,303636326E398D17,7276FF0039030A46,1665665917,94,2,0,1,9.000000,-65,868300000,LoRa,SF11BW125,4/5,true,ACcQHQH0/j4JDQUDqwAA
103718,303636326739830B,7276FF0039030A46,1665665921,76,2,0,1,9.500000,-51,868300000,LoRa,SF7BW125,4/5,true,ACcQGwH0/j4JDQUDqwAA
103719,3036363264397D0B,7276FF0039030A46,1665665925,19,2,0,2,7.500000,-51,868500000,LoRa,SF7BW125,4/5,true,ACcQHQH0/j4JDQUDqwAA
103720,303636326B39820B,7276FF0039030A46,1665665926,86,2,0,2,7.000000,-53,868500000,LoRa,SF7BW125,4/5,true,ACcQGgH0/j4JDQUDqwAA
103721,303636326E398D17,7276FF0039030A46,1665665927,95,2,0,0,11.800000,-61,868100000,LoRa,SF11BW125,4/5,true,ACcQHQH0/j4JDQUDqwAA
103722,303636326739830B,7276FF0039030A46,1665665931,77,2,0,2,7.000000,-51,868500000,LoRa,SF7BW125,4/5,true,ACcQGwH0/j4JDQUDqwAA
103723,3036363264397D0B,7276FF0039030A46,1665665935,20,2,0,2,7.800000,-47,868500000,LoRa,SF7BW125,4/5,true,ACcQHAH0/j4JDQUDqwAA
103724,303636326B39820B,7276FF0039030A46,1665665936,87,2,0,1,10.500000,-57,868300000,LoRa,SF7BW125,4/5,true,ACcQGgH0/j4JDQUDqwAA
103725,303636326E398D17,7276FF0039030A46,1665665937,96,2,0,0,12.000000,-65,868100000,LoRa,SF11BW125,4/5,true,ACcQHQH0/j4JDQUDqwAA
103726,303636326739830B,7276FF0039030A46,1665665941,78,2,0,0,10.200000,-61,868100000,LoRa,SF7BW125,4/5,true,ACcQGwH0/j4JDQUDqwAA
103727,3036363264397D0B,7276FF0039030A46,1665665945,21,2,0,2,8.000000,-49,868500000,LoRa,SF7BW125,4/5,true,ACcQHAH0/j4JDQUDqwAA
103728,303636326B39820B,7276FF0039030A46,1665665946,88,2,0,1,10.200000,-55,868300000,LoRa,SF7BW125,4/5,true,ACcQGgH0/j4JDQUDqwAA
103729,303636326E398D17,7276FF0039030A46,1665665947,97,2,0,2,9.800000,-63,868500000,LoRa,SF11BW125,4/5,true,ACcQHQH0/j4JDQUDqwAA
103730,303636326739830B,7276FF0039030A46,1665665951,79,2,0,1,8.800000,-53,868300000,LoRa,SF7BW125,4/5,true,ACcQGwH0/j4JDQUDqwAA
103731,3036363264397D0B,7276FF0039030A46,1665665955,22,2,0,1,9.800000,-49,868300000,LoRa,SF7BW125,4/5,true,ACcQHAH0/j4JDQUDqwAA
103732,303636326B39820B,7276FF0039030A46,1665665956,89,2,0,1,9.200000,-55,868300000,LoRa,SF7BW125,4/5,true,ACcQGgH0/j4JDQUDqwAA
103733,303636326E398D17,7276FF0039030A46,1665665957,98,2,0,0,13.200000,-65,868100000,LoRa,SF11BW125,4/5,true,ACcQHAH0/j4JDQUDqwAA
103734,303636326739830B,7276FF0039030A46,1665665961,80,2,0,0,11.000000,-53,868100000,LoRa,SF7BW125,4/5,true,ACcQGwH0/j4JDQUDqwAA
103735,3036363264397D0B,7276FF0039030A46,1665665965,23,2,0,2,6.800000,-47,868500000,LoRa,SF7BW125,4/5,true,ACcQHAH0/j4JDQUDqwAA
103736,303636326E398D17,7276FF0039030A46,1665665966,99,2,0,1,9.800000,-73,868300000,LoRa,SF7BW125,4/5,true,ACcQHQH0/j4JDQUDqwAA
103737,303636326739830B,7276FF0039030A46,1665665971,81,2,0,1,9.500000,-53,868300000,LoRa,SF7BW125,4/5,true,ACcQGwH0/j4JDQUDqwAA
103738,3036363264397D0B,7276FF0039030A46,1665665975,24,2,0,0,9.500000,-49,868100000,LoRa,SF7BW125,4/5,true,ACcQHAH0/j4JDQUDqwAA
103739,303636326E398D17,7276FF0039030A46,1665665976,100,2,0,2,7.800000,-51,868500000,LoRa,SF7BW125,4/5,true,ACcQHAH0/j4JDQUDqwAA
103740,303636326B39820B,7276FF0039030A46,1665665976,91,2,0,1,10.000000,-55,868300000,LoRa,SF7BW125,4/5,true,ACcQGwH0/j4JDQUDqwAA
103741,303636326739830B,7276FF0039030A46,1665665981,82,2,0,1,11.000000,-55,868300000,LoRa,SF7BW125,4/5,true,ACcQGwH0/j4JDQUDqwAA
103742,3036363264397D0B,7276FF0039030A46,1665665985,25,2,0,2,8.000000,-53,868500000,LoRa,SF7BW125,4/5,true,ACcQHQH0/j4JDQUDqwAA
103743,303636326E398D17,7276FF0039030A46,1665665986,101,2,0,0,9.500000,-55,868100000,LoRa,SF7BW125,4/5,true,ACcQHQH0/j4JDQUDqwAA
103744,303636326B39820B,7276FF0039030A46,1665665986,92,2,0,2,8.000000,-53,868500000,LoRa,SF7BW125,4/5,true,ACcQGgH0/j4JDQUDqwAA
103745,303636326739830B,7276FF0039030A46,1665665991,83,2,0,0,10.200000,-55,868100000,LoRa,SF7BW125,4/5,true,ACcQGwH0/j4JDQUDqwAA
103746,3036363264397D0B,7276FF0039030A46,1665665995,26,2,0,1,9.800000,-51,868300000,LoRa,SF7BW125,4/5,true,ACcQHAH0/j4JDQUDqwAA
103747,303636326E398D17,7276FF0039030A46,1665665996,102,2,0,0,9.200000,-52,868100000,LoRa,SF7BW125,4/5,true,ACcQHQH0/j4JDQUDqwAA
103748,303636326B39820B,7276FF0039030A46,1665665996,93,2,0,0,9.500000,-62,868100000,LoRa,SF7BW125,4/5,true,ACcQGgH0/j4JDQUDqwAA
103749,303636326739830B,7276FF0039030A46,1665666001,84,2,0,2,8.000000,-56,868500000,LoRa,SF7BW125,4/5,true,ACcQGwH0/j4JDQUDqwAA
103750,3036363264397D0B,7276FF0039030A46,1665666005,27,2,0,1,10.800000,-51,868300000,LoRa,SF7BW125,4/5,true,ACcQHAH0/j4JDQUDqwAA
103751,303636326E398D17,7276FF0039030A46,1665666006,103,2,0,1,8.500000,-51,868300000,LoRa,SF7BW125,4/5,true,ACcQHQH0/j4JDQUDqwAA
103752,303636326B39820B,7276FF0039030A46,1665666006,94,2,0,2,7.500000,-74,868500000,LoRa,SF7BW125,4/5,true,ACcQGgH0/j4JDQUDqwAA
103753,303636326739830B,7276FF0039030A46,1665666011,85,2,0,1,10.200000,-53,868300000,LoRa,SF7BW125,4/5,true,ACcQGwH0/j4JDQUDqwAA
103754,3036363264397D0B,7276FF0039030A46,1665666015,28,2,0,0,9.800000,-50,868100000,LoRa,SF7BW125,4/5,true,ACcQHAH0/j4JDQUDqwAA
103755,303636326E398D17,7276FF0039030A46,1665666016,104,2,0,1,9.800000,-56,868300000,LoRa,SF7BW125,4/5,true,ACcQHQH0/j4JDQUDqwAA
103756,303636326B39820B,7276FF0039030A46,1665666016,95,2,0,2,7.800000,-68,868500000,LoRa,SF7BW125,4/5,true,ACcQGgH0/j4JDQUDqwAA
103757,303636326739830B,7276FF0039030A46,1665666021,86,2,0,0,9.000000,-53,868100000,LoRa,SF7BW125,4/5,true,ACcQGwH0/j4JDQUDqwAA
103758,3036363264397D0B,7276FF0039030A46,1665666025,29,2,0,1,9.500000,-65,868300000,LoRa,SF7BW125,4/5,true,ACcQHAH0/j4JDQUDqwAA
103759,303636326E398D17,7276FF0039030A46,1665666026,105,2,0,1,9.800000,-57,868300000,LoRa,SF7BW125,4/5,true,ACcQHQH0/j4JDQUDqwAA
103760,303636326B39820B,7276FF0039030A46,1665666026,96,2,0,2,7.000000,-61,868500000,LoRa,SF7BW125,4/5,true,ACcQGgH0/j4JDQUDqwAA
103761,303636326739830B,7276FF0039030A46,1665666031,87,2,0,2,8.000000,-51,868500000,LoRa,SF7BW125,4/5,true,ACcQGwH0/j4JDQUDqwAA
103762,3036363264397D0B,7276FF0039030A46,1665666035,30,2,0,2,7.800000,-76,868500000,LoRa,SF7BW125,4/5,true,ACcQHAH0/j4JDQUDqwAA
103763,303636326E398D17,7276FF0039030A46,1665666036,106,2,0,0,10.500000,-57,868100000,LoRa,SF7BW125,4/5,true,ACcQHQH0/j4JDQUDqwAA
103764,303636326B39820B,7276FF0039030A46,1665666036,97,2,0,1,9.500000,-62,868300000,LoRa,SF7BW125,4/5,true,ACcQGgH0/j4JDQUDqwAA
103765,303636326739830B,7276FF0039030A46,1665666041,88,2,0,0,9.200000,-52,868100000,LoRa,SF7BW125,4/5,true,ACcQGwH0/j4JDQUDqwAA
103766,3036363264397D0B,7276FF0039030A46,1665666045,31,2,0,2,8.200000,-59,868500000,LoRa,SF7BW125,4/5,true,ACcQHAH0/j4JDQUDqwAA
103767,303636326E398D17,7276FF0039030A46,1665666046,107,2,0,2,8.000000,-61,868500000,LoRa,SF7BW125,4/5,true,ACcQHQH0/j4JDQUDqwAA
